text,label
"Geez, are you forgetful!  We've already discussed why Marx  was  not an anarchist, i.e. he wanted to use a State to mold his 'socialist man.'  Ergo, he is a statist - the opposite of an  anarchist.  I know a guy who says that, when he gets old and his teeth fall out, he'll quit eating meat.  Would you call him a vegetarian?",0
"Carioca RFA 

Thanks for your support on my request for adminship.

The final outcome was (31/4/1), so I am now an administrator. If you have any comments or concerns on my actions as an administrator, please let me know. Thank you!",0
"""

 Birthday 

No worries, It's what I do ;)Enjoy ur day|talk|e """,0
"Pseudoscience category? 

I'm assuming that this article is in the pseudoscience category because of its association with creationism.  However, there are modern, scientifically-accepted variants of catastrophism that have nothing to do with creationism — and they're even mentioned in the article!  I think the connection to pseudoscience needs to be clarified, or the article made more general and less creationism-specific and the category tag removed entirely.",0
"(and if such phrase exists, it would be provided by search engine even if mentioned page is not available as a whole)",0
", 9 October 2007 (UTC)

P.s, the delta function I use in the example above as  is the Kronecker delta, not the Dirac delta. The Kronecker delta is in , whereas the Dirac delta is not in L2[0,1].

Incidentally, in response to the request for examples, L2(X) is not a RKHS for X any open subset of . On the other hand, Hardy spaces usually are RKHSs, using various variants of the Szego kernel.

For example , the Hilbert space of L2 functions on the circle is not a RKHS. On the other hand, , the space of L2 functions on the circle which are tangential limits of holomorphic functions on the disc, is.  14:18",0
"]]- 10 September 1910, [[[Couvet]] )",0
Negro league baseball task-force talk].,0
"List of My Three Sons episodes 

I saw you redirected two of the season episode lists back to the article a month ago, which removed them from both articles, since it was transcluded. I substituted the list back into the main article, and was about to remove the links back to the season lists, but the other seasons still have separate pages. I thought I'd just ask for your thoughts. It might be easier to just undo the substitution and redirects. -XT+",0
Quoting Loremaster: In order to make sure you understand me,0
"""

 Please do not vandalize pages, as you did with this edit to Holmes Chapel Comprehensive School. If you continue to do so, you will be blocked from editing.    """,0
"""
CC-BY-SA is probably the most common variation used on both Wikipedia and Commons (it is also in a way compatible with the GFDL used by default). Any limitations might disqualify it as free enough for Wikipedia (most notably, free images here must allow for commercial reuse (again, for GFDL compatibility, I presume), so NC is out of the question), though I'm not an expert on this. You can check the upload wizard, follow the own work path and see the available choices. Though you might also seriously consider uploading the image to Commons instead (to allow wider use). 13 """,0
"Actually, that's gone now; you're the only one naming him now. ∇∆∇∆",0
"""

 Moved the article to its full English title 

1) Keeping in line with Wikipedia:Article titles#English-language titles
2) Full title of the work, instead of just its popular abbreviation
3) Any search of bookstores shows that the work is most widely published and available today under its full English title as opposed to any of the Latin variants which were popular during the Renaissance. The current title reflects what the work would most likely be recognized/searched for.

I've also created re-directs for """"On the Mysteries of the Egyptians"""" to here.  """,0
"There are so many articles that wish to down play the parts of the JW religion that they really don't understand.  I will not go back in and change the article.  If people want to discredit something they don't understand that is ok.  this being said is in no way directed to anyone in particular.  I just find it interesting that people want to write up document reports on religions that they are no part of.  There are pages on Cathlics, Baptist, and other religions that state opinions of people who are not even a part of those religions.  To me and this is personal it is very sad when there are people who will 'critically analzye something that they do not believe in themselves.  oh well.",0
I see you have such a low self-esteem that you have to warn others not to attack you.4.130.134.233,0
"Ed Poor

I shouldn't have to check his edit history. He should reply to me at my Talk page.
I know that wasn't the right page, but what is the right page? That's my point.
I don't want to de-admin him, I want to complain about his actions.",0
"""

That is not a list of official names of official neighborhoods, their is no such list that exists, that is a of neighborhood names, of which more then half are no longer used, that:
""""are taken from  Philadelphia Almanac and Citizens' Manual which was edited by Kenneth Finkel and published by the Library Company of Philadelphia in 1994 and 1995. It has been augmented by the staff of the Philadelphia City Archives.""""

""""The 1994 edition of this book contained 389 different names of various neighborhoods throughout the city of Philadelphia from the earliest days of Swedish occupation to the present. The following year, an additional six names were added to bring the list to 395. This list is being augmented yet again by the Philadelphia City Archives with names of neighborhoods, redevelopment areas, and other place names which have been assigned officially or unofficially to certain areas of the city. It is interesting to see the dynamics of neighborhood naming in over 350 years of occupation of the 129 square miles which comprise Philadelphia by the Native Americans, the Swedes, the English and German pioneers, and later and current Philadelphians."""" 

 |  trácht ar """,0
"Yes, merge - Chamin and Cholent are one and the same. Cholent is the Yiddish term, which is the mostly widely used, whereas Chamin is Hebrew and mainly used in Israel (primarily by Sephardi/Mizrahi families).",0
""", 26 July 2014 (UTC)
, there are a number of key words or red flags on Wikipedia. They have a very strong effect in the community. Disruptive editing is one of them. If you want to abuse your position as a trusted editor here, you say the editor you have a difference of opinion with, is """"disruptive"""" when he or she simply has a different opinion - as you so correctly mentioned. Confidently demonstrating with reliable sources that a statement is an encyclopedic statement appropriate to be on WP is not disruptive editing. However the term disruptive editing is one of a number of terms abused by abusive editors on WP. It is very disheartening when some """"trusted"""" editor immediately use that term against you when you simply have a different opinion. They know the power of that word, that is why they use it. There are a number of these """"power"""" words used in the WP community. Abusively using this tactic is a personal attack - in my opinion. The other editor involved here also stated my contributions in various articles is wasting Wikipedians´ time. He also considers the fact that I address you and other editors by name as something that can be used in a negative way against me.   11:07""",0
"I'm just going to state, as I have observed, that the LPs do not state that there is a surname. A House and Family does not mean a House and a surname. There is a House of Oldenburg which is also the Oldenburg family, for instance. Royal birth certificates do not use a surname. Charles, Prince of Wales did not use a surname on his marriage certificate. How is it clear that the Royal Family did and does have a surname?",0
"no worries 

We will use another account, and will not stop until wikipedia stops pushing the evil, sin filled gay agenda",1
Do not repeatedly add nonsense to articles -,0
"Question 

Hello Latics, I noticed that you revert vandalism occasionally. Would you like me to grant your account rollback rights to make vandal-fighting easier for you? Just remember that rollback, like Twinkle, should only be used to revert vandalism, and that misuse of the tool can lead to its removal. Tell me what you think. Thanks.",0
"""

Murphy Arts Center copyvio

Could you confirm the URL of the copyvio source http://homepage.mac.com/i/hpti/1/wimg/Shared/SlideShow/SlideShow.html?lang=en is the correct URL, as it doesn't work properly for me. I've removed the suspected copyvio content in the interim.  land """,0
"By the way, who do you think you are, warning me about removing totally unrelated music tracks from a disco-listing? Trust me, you're not the only person on this planet who has been (or still is) involved in disco since the seventies. Get offa that clowd, why don't you? I have done more radio than you ever will, so don't talk to me like I am anti-radio or something.  12:34, 8 Jun 2005 (UTC)",0
Renzoy16 ! Shut The Fuck Up,1
"Hey 

 Everybody's doing it! Ahh..relief]]",0
"""

 email 

I just used the """"email this user"""" function.  How can I get ahold of a copy of the email I just sent?  Thanks,  (Karwynn) """,0
"""::::::::::: No. I never said one is better than the other, they are equally biased - I have never used talltale anywhere in fact. Balakian copied verbatim his information from Dardian who says he got it from Vakit newspaper - whcih I explained many times already - which nobody alive or dead has corroborated. Nobody can verify the Vakit article - this is made up point of and biased. I am not telling you again why you can NOT use Armenian sources. You need to read this page, and pointed everything, if you have a problem with those, then respond. Otherwise, I am warning for the last time, stop vandalising this page. You are also doing """"soapbox"""" advertising the Armenian Political agenda.  

""",0
"AC WPWW 

Hi. I don't know if you've seen the conversation at Wikipedia talk:WikiProject Women writers#Authority control. It's a huge project, and really needs to include all writer bios, not just women writers, but sticking with WPWW scope, it would be limited to women's. Probably bot, not AWB, right?",0
"""

 I hope you are having a great holiday and at your convenience could you please get back to me 

I want to first congratulate you on over 21,000 contributions.  I know first hand the feeling you get when achieving great things.  You and your fellow administrators have made, and continue to make, Wikipedia a brilliant place to go for correct information.  I want to apologize if the page http://en.wikipedia.org/wiki/Brian_J._Esposito (Brian J. Esposito) violated any of these internal rules.  I was under the impression that my accomplishments which were sourced by companies such as Inc. Magazine, Hearst Publications, BIR Report, Beauty Store Business, Asbury Park Press, KikScore, The National Retail Federation, NRF and many more were valid enough.  I would like to work with you in correcting any issues and to have this page restored.  I am continuing to make great strides for my companies, employees, and my family.  Having this page also acted as a way of helping me continue to accomplish my goals and dreams.  I look forward in hearing back from you and also learning from you on how to correctly do the right thing when it comes to Wikipedia.

Thank you for your time,

Brian J. Esposito
CEO - AVEYOU Beauty Boutique
CEO/President/Founder - paybaQ  — Preceding unsigned comment added by  (talk • contribs)  
 It wasn't really so much my decisioon to delete this as my enforcing a consensus of editors at Wikipedia:Articles for deletion/Brian J. Esposito. I'd suggest that  thorough reading of  if you are interested in getting back but, frankly, we are non profit project not a vehicle for self-publication and promotion and I would advise you to stay away from the page to avoid a conflict of interest.  Humbug! 

Thank you very much for taking the time to get back to me regarding this issue. By no means was the page created to self promote or profit. It was added and continued to be updated with all the great work we are getting done at Salon Professional Services, Inc, and paybaQ. All the articles, mentions, and partnerships displayed that success. Especially the work we did together with Microsoft in helping small business around the globe. I apologize if the page came across looking in any way a violation to the policies. I have reviewed the page and am not sure what else can be done to correct this and hopefully have it un-deleted. There are real credited milestones and achievements myself and my team have reached. We also have a few more credits including a book released by the Small Business Association which we have a big part in, and the Internet Retailer 2011 Edition 500.

Thank you for your continued help and I hope you are having a great day, and had a beautiful vacation,

Brian  — Preceding unsigned comment added by 67.85.133.135   

 Just being friendly 
SwisterTwister has given you a cookie! Cookies promote WikiLove and hopefully this one has made your day better. You can Spread the """"WikiLove"""" by giving someone else a cookie, whether it be someone you have had disagreements with in the past or a good friend.  

To spread the goodness of cookies, you can add  to someone's talk page with a friendly message, or eat this cookie on the giver's talk page with !
  I know how working hard on Wikipedia can build up an appetite, so I hope this cookie will make your day.  talk 

Thank you very much for taking the time to get back to me regarding this issue.  By no means was the page created to self promote or profit.  It was added and continued to be updated with all the great work we are getting done at Salon Professional Services, Inc, and paybaQ.  All the articles, mentions, and partnerships displayed that success.  Especia",0
"""

 Third-party observations left at User_talk:Elonka#Re:_NPA_claim_against_Josiah_Rowe. Talk """,0
"""
In this instance I don't believe there is much potential for conflict of interest. First, none of the surgeon's themselves appear in involved in the creation or maintenance of this page. Second, the page provides basic general information. Third, most of the well known practitioners are listed and provided in alphabetical order. Fourth, the listed surgeons are hardly in need of """"extra"""" business, since of all them have quite long waiting lists. Fifth, their potential patients are generally internet connected and quite likely to utilize searches to locate informaton about them. Sixth, given the nature of this particular type of surgery, and the generous people who perform it often at risk of criticism from some biased groups, should not be hidden from view or made to appear marginalized in any way.  

""",0
Top 100? NO WAY! Look at all the great base stealers and Hall of Famers that would be deleted from this list. The list should stay the same with the top 500 because 150 steals in a career is still a notable stat.,0
"""

QuackGuru
Good luck with your communication attempts, and thanks for the help.  If you'd like another challenge, you might want to read the discussions that I have been having with Ronz (about the same topic area as QuackGuru is referring to), and see if you can help communicate with him as well. I won't give you the details of the situation so you can come in """"fresh"""", but there's plenty to read on my talkpage (and archives), and also on Ronz's talkpage (though you'll also have to go into the history of his page since he often deletes my messages).  Or you may just wish to post a note on his talkpage and say, """"Ronz, I hear you're asking for a mediator in communicating with Elonka, may I help?""""  onka """,0
"Suck my dikkkkk ==
Suck my dikkkkk Gogo Gogo giving blowjobs on demand",1
"Still you dihoest self
Looks yur integrity hasn't improved.",0
"please do not write me more!! Silly 

Perhaps no one has told you but you're obviously frustrated and I would like that please do not write me more. For my part I have decided that I will not bring anything more to wikipedia, because wikipedia is a monopoly of information manipulated by a lot of abnormals like you.",1
"You're a jerk! 

You're a jerk!
You're a jerk!
You're a jerk!
You're a jerk!
You're a jerk!
You're a jerk!
You're a jerk!
You're a jerk!
You're a jerk!
You're a jerk!
You're a jerk!
You're a jerk!
You're a jerk!
JACKASS!!",1
"hi kannadiga shame on you 

You look like a terrible ass now with that false citation, Kannadiga. Where did you say Urdu originate? Africa? Despite all the lies and idiocy you spewed, you and a handful of Kanndadigas think you are a valuable encyclopedic contributor!",1
"""

Your use of multiple Wikipedia accounts
""",0
"""

To Paul B or whomever has taken the responsibility for editting this work. While I admire your dedication to upholding a neutral point of view in this article. I must voice the opinion that you're lack acknowledgment towards the fact that he is/was a controversial figure to Indians is not in-line in general with wikipedia. There are many examples of articles on this website that provide info about controversial issues in a neutral position while usually providing material for and against the issue. I think that that would be the only way to present a truly fair and neutral portrayal of Max Muller. One other consideration for yourself would be what is you consider a mainstream opinion, because I am sure that you are aware of the politics that goes into getting a paper published and the biases that can play for or against it. Finally, your vehement refutation of other sources based on """"who is he?"""" shows your own inability to question and research into ideas contradictory to others. I would recommend that if you are going to portay a neutral article, please do so by giving both sides of the story. Incidentally, I'm not a nationalist and I'm not a member of hindutwa; I am however a person that likes to search for and be presented with all relevant informations whether they are contradictory to my own opinion or not. - Raj""",0
"That is a useful correction, but was the number of settings that had to be searched in the bomy and bombes still 17,576?",0
Seems a reasonable request reasonable to me.,0
"you just made my point, that was my addition, volunteer moved it.",0
"Definition of Web on Internet page
I take issue with the definition of the WWW on the Internet page - a collection of documents?  Wouldn't it be more accurate to say that the web is a graphical interface we use to access files on the Internet?  Because don't lots of people now say they're going to upload a video to the web, or download a podcast from the web?  They don't say they're going to go look at an HTML page with some Ajaxy stuff that allows them to view a video.",0
"Once again, leave me alone. You are bothering me for the sake of bothering me. You don't even need to reply. Just stop typing and pressing Save on my User:Talk, please. Thank you.",0
"""

""""Nevada"""" meme
On checking all reliable sources I could find in the article, I could find nothing about this whole """"Nevada"""" thing, much less a reference to a nickname (which in any case appears to have been given to the killer after the crime).  Since it merely seems to be an internet meme, and even the Wikipedia article claimed that there was no knowing whether the Nevada pictures related to the killing, I've removed the references.  If the girl in the Nevada pictures is not known from reliable sources to be the killer, it's obviously grossly irresponsible for us to represent the pictures, and the unreliable websites that refer to them, as those of the murderer.  If we can come up with a reliable source that actually refers to the Nevada meme, then we can document it as such. Anticipation of a New Lover's Arrival, The """,0
"You lengthned my block again to two weeks??????? For what now, for living? 

ADMINS, PROTECT ME FROM AGRESOR KAFZIEL.",0
"December 2008 
 Please stop removing speedy deletion notices from pages that you have created yourself. If you continue, you will be blocked from editing Wikipedia.  Do not replace the speedy deletion templates with the hangon template. Put the hangon template below it.",0
"TV Newser is a blog about journalism by professional journalists, so I think that is exactly the kind of source we need here.",0
No difference.Simply two branches of the same nation.,0
"""

 Your Tool2 edit count summary 

I was wondering if your count summary used on Tangotango's RfA was self-made or generated by a bot. If the latter, I may like to write one. Thanks.  T """,0
"True. But then our remarks on this obscure webpage haven't been either. So your WP:OR is of no consequence. Either find a reliable souce that states that Elvis was Jewish, and explains why, or drop the argument.",0
"Tekken ^ 

On G4 they said tekken will be on #60 also. http://www.g4tv.com/thefeed/blog/post/689944/Tekken_6_On_The_PS3_360_Fall_2009.html .",0
"The title issue is a little more serious than you are giving it credit for. There is a format for titles at Wikipedia, and they should make sense in English, which this one doesn't, being ungrammatical. And don't think that there aren't a good number of users who will think that there is indeed a separate Catholic Virgin Mary. That is an accusation of some protestant evangelical groups at the moment. So it would make sense to listen a little to what other people are saying. The present title is ungrammatical and misleading and should be changed - as per my suggestions or in some other way. 212.140.128.142",0
"You got it! 

OK, looks like you have the right idea now, Liam.
Let me know if you have any questions.",0
"by the way i remember the first israeli claims shortly after the attack against the ship and the killings, according to which the activists had firearms with them on bord and also that on the freight for gaza were such...",0
"""

 Unauthorised change 

On 26 January 2014 (i.e. just in the last few weeks), User:Mzilikazi1939 changed this article from the standard form of writing dates in the English language to CE/BCE. As he well knows, this violates WP:MOS, specifically WP:ERA, which requires that any change to an article's date style first be discussed on the talk page and justified with article-specific reasons before consensus is established and the article is then ready to be changed. As is clearly evident to everyone, none of these steps have taken place in this case.

Instead, in the two and fro of the last few weeks as Aesop has gone back and forth between the Queen's English and CE/BCE, Mzilikazi and his friends have claimed that the comments much further up this talk page and dated 20 months ago constitute the necessary discussion and consensus for the change of 26/01/14. Apart from the obvious fact that the article remained in the standard English state for 20 months continuously (May 2012 to January 2014), those comments were never enough to justify the change to CE/BCE even back then. This is of course because, as mentioned earlier, WP:ERA requires that article-specific reasons be given and consensus established. Neither occured then. What we see from 2012 can at best be called a disgrace; it was merely Dougweller and his friends making the laughably fallacious and tendentious claim that because there were more of them, they should automatically get their way without having to justify their case or convince anyone of it. The """"discussion"""" went quiet in its unresolved state and the change from the Queen's English (which the article has used since its creation and the overwhelming majority of the time since then) to CE/BCE therefore didn't proceed, at least until 20 months later when Mzilikazi decided to try again, this time without any attempt to follow the proper procedure.

If Mzilikazi and his friends want to legitimately change Aesop from the established English language abbreviations to CE/BCE then by all means discuss it here and follow the proper process. Stop trying to ram through your illegal change with constant back and forth editing. (  )""",0
"""

 Ambarish Srivastava 

Ambarish Srivastava
Good evening sir, above article Ambarish Srivastava was nominated for deletion review on 2010 February 14. The result of the discussion was moved to main space. You have participated in that discussion. It was thoroughly checked and edited by you also. I am grateful to you for your kind support at that time. At present Mr. 'SpacemanSpiff' who nominated this article for AFD previously, has deleted its major part under 'poetry' section which was cited properly. As well as he also deleted it's whole 'Architectural works' section on Yesterday 19:01, 16 December 2010 and 19:03, 16 December 2010. I contacted Mr. 'SpacemanSpiff' on his talk page where he answered to me """"You can not use photographs of buildings as references for works by the person, we need reliable source references. Likewise, user submitted content sites are not valid references for poetic contributions and linking to every poem on such sites runs afoul of our external links policy. Suggest you read WP:BLP and WP:NPOV"""". If that content was not was as per WP:BLP and WP:NPOV then why he could not deleted it previously when this page was moved to main space, while Mr. 'Fayenatic london' has made some quarries about it on 18:46, 20 August 2010, 18:49, 20 August 2010,18:53, 20 August 2010, 18:58, 20 August 2010, 19:05, 20 August 2010 & 19:12, 20 August 2010. He was satisfied with my answers about those sections. I request you to check it. Is it justified? if not please help it. Thanks a lot.   """,0
"Actually, the real-world sources and policy are with us, and there was no consensus. -",0
"The permissions on those are as they were. Since you seem to understand the permissions process better than I, feel free to take whatever action you feel is necessary to get the official ducks in a row.",0
"""

 Sockpuppet? 

Oh no Stifle. Just what do you think your doing? I've worked too hard for you to do this. And why? Dont assume, look at my contributions and what have I done? What ties me to """"Smugface"""" (as you and every second person belives)? And what sets us apart? CONSTRUCTIVE EDITS! Thats bloody what! 

Remove or find an answer.

  

Not happy Jan!

 Could we not discuss this in the stead of dirtying up each others pages?   
Your contribution patterns are very similar - very little article contributions, causing general annoyance, and yelling at anyone who tries to call you on it.   """,1
"Pro-life Alliance 

The article Pro-Life Alliance has been nominated for deletion.",0
""" You're a dumb American, right? No degree? Knows nothing of engineering? Thinks mathematics is """"universal""""? Played monopoly in high school instead of learning? How am I doing so far?""",1
"Well to answer the IP it should be any player who Nadal has played, who has appeared in the top 10 at some point.",0
"how funny 

how funny",0
Please do not carry on conversations with other users on my talk page. That is why you all have talk pages. Thanks!,0
I know it's almost a year after the fact...but the fact is most banks do that. Happened to me when I was at another bank.,0
"""
Second verse, same as the first? https://secure.wikimedia.org/wikipedia/en/w/index.php?title=Special:RenameUser&reason;=WP:USURP&oldusername;=Flynx&newusername;=Flynx_%28usurped%29&suppressRedirect;=1 (I know you can't see, but does not checked)... –xenotalk """,0
]] or Swansea Bay articles,0
"Definitions 

Soap box
1. TABAlso, soap box. an improvised platform, as one on a street, from which a speaker delivers an informal speech, an appeal, or political harangue.

ha⋅rangue
   /həˈræŋ/ Show Spelled Pronunciation [huh-rang] Show IPA noun, verb, -rangued, -rangu⋅ing.
–noun
1. TABa scolding or a long or intense verbal attack; diatribe.
2. TABa long, passionate, and vehement speech, esp. one delivered before a public gathering.
3. TABany long, pompous speech or writing of a tediously hortatory or didactic nature; sermonizing lecture or discourse.

kangaroo court
 
–noun
1. TABa self-appointed or mob-operated tribunal that disregards or parodies existing principles of law or human rights, esp. one in a frontier area or among criminals in prison.
2. TABany crudely or irregularly operated court, esp. one so controlled as to render a fair trial impossible.",0
"Am i going mad 

i was on steven segal page this morning and i'm sure it said on the 25 Aug 09 steven segal
had a heart attack on the film set did i read this or am i going mad

26 Aug 09",0
"""

Then I think you may be missing something.  The EU box art is replete with JPG dithering all along the left side and in random other spots.  The U.S. version is near crystal clear with no evidence of pixelation or dithering or smudging, as is present in the EU version.  As I said in my edit notes, I have no problem with the EU version being used at such a time when a higher quality version is found.  The """"revert war"""", as it were, was started by the other editor, who for no legitimate reason reverted my edit. —''''''T C W """,0
"""

Advice
To save me writing too much, a lot of this is going to be links to existing policies and guidelines - there is plenty of advice available, in fact a confusing amount, so pointers may be helpful. The guide to writing Your First Article and the Business' FAQ are particularly useful.

Wikipedia frowns on writing about your own organisation because of worries that someone with a conflict of interest will not be able to write from the Neutral Point of View which is one of our three key content policies. (The others are Verifiability and No Original Research). However, the anonymity of account names means it can't be prohibited, and it may be better to have a declared interest than somone pushing a case anonymously.

It should be possible for you to write an article about your organisation that won't get deleted, if you are careful. The first essential is to avoid any hint of promotion - be drily factual, as though you were unconnected with the organisation and had no interest in it, but were documenting it for completeness. See the guideline on peacock terms.

The next point is likely to be the problem if your organisation is new - notability, which is the Wikipedia term for """"of enough general interest for an encyclopedia article"""". See the guidelines on Notability and Notability (organisations and companies). What you have to do is find references from reliable sources which are independent of you. Your own web-site etc are not considered independent. Has there been comment on your organisation, e.g. in the trade press? It may be that you will have to wait until you are more established and can cite independent references.

I wrote the above off-line: now that I come to post it, I see you have run into another problem - copyright. That's more of a problem than you might think, because everything in WP must released under the """"GFDL"""" which says that anyone may do anything with it including rework it for commercial use - so just saying """"I agree to this being put in"""" is not enough. The notice above tells you what you can do, but for the reasons in my third para above it is very likely that your mission statement will not be in suitable terms for Wikipedia, so the solution to the copyright problem may well be to rewrite it. That leads me to a last warning: an important difference between Wikipedia and a business directory is that you will not own your article - see WP:OWN - other people can and will edit it. See the warning at the bottom of the page you use to edit: """"If you don't want your writing to be edited mercilessly or redistributed for profit by others, do not submit it.""""

Regards,   """,0
I thought he was Greek!!,0
"""

 Please do not vandalize pages, as you did with this edit to Religious persecution. If you continue to do so, you will be blocked from editing.    """,0
"""

NOTE
 and  continue to vandalize this page by including non-sourced information pertaining to a boyfriend named """"Chad Eagleton.""""  TXmaster uploaded a picture on 2/17 in which he states that he is Chad Eagleton.  These claims are most likely dubious attempts by the two users (who are probably actually the same person) to claim that they are dating Carrie Underwood.  As none of their claims are sourced, I along with several other users continue to delete them.  Neither user has stepped up to the challenge of providing a source for their claims.  Please continue to delete their constant vandalism.  """,0
"Far more honest than this bloated article.  Oh no, disagreement!  *censor stick*",0
"I believe the rule includes non-binding electrons as well as pi bonded electrons too, anyone want to verify this and change it?",0
"Runnymede 

Bob - you've removed a link from a page that I created and developed.
Is that appropriate?",0
"Sorry, you are right I have confused matters. Iwill try to clean it up.",0
"Recent past
Please see user page 129.133.124.199‎",0
your gay douche like gay porno ahaghagagagaa,1
"""

 Well, I was thinking a good article could fall out of it, but I'm just a little unsure where to start. I've found a couple of books to mine though, so there's definitely potential. You're right that the list should be converted to prose. The demolition plans and their opposition also needs expansion. I'll tinker with it a bit later today if I've got a mo.  (talk) (cont) """,0
—The preceding unsigned comment was added by  (talk • contribs) 3 April 2006  (UTC),0
"""

Thank you

Thank you for your constructive contribution to my update on the Jodeci article, re: K-Ci & JoJo.  However, this commet was most uncalled for:

""""(copyedit Mr. Treason additions)""""""",0
"Wikipedia blocks because of their paedo article 

If you go to http://en.wikipedia.org/wiki/Virgin_killer. You will see people and Wikipedia protecting a photo that shows a real underage girl (about 12) in bondage. However, Wikipedia blocks me and not the people who are protecting that photo. I guess that is how Wikipedia is.",0
"Oh, I see that we are working with different definitions of nationality here... but if (and I thank you for bringing up this example) holding American citizenship does not make a person American, what else does - is e.g. Henry Kissinger (born in Germany to German parents, naturalised US citizen) a German politician then? Very tricky I must say! Anyways, was nice talking to you.",0
Do not help the jew Schnider. Final warning.,1
"""

 You are very welcome Mila. By the way you (or we) could perhaps also place a copy of that image on the page Polyceridae ( a fmaily of nudibranchs) because that species ... Triopha catalinae J. G. Cooper, 1863 sea-clown triopha ... is listed there since it belongs to that family. Since the species name Triopha catalinae is linked to a non-existent page, we could even (if we felt like it to) start a new page for that species. (By the way, in English the word nudibranchs is spelled without the """"e"""".) I did try to look up your images on Bill's site, but I was not able to get to the exact page on a lot of them. just a list and at the present time  I did not take the time to try to track it down any further. Maybe I will do that later.   """,0
""":If the title was never actually created, I wouldn't have thought it'd be in the LG. The prior announcement might be, but that is generally just """"To be Barons:"""" followed by a list of names. It sounds like it was discussed and chosen, but he died before it was actually gazetted, so it seems likely there'll only be an informal record of what it was going to be.  (Talk) 

""",0
"Extremely  salient  points. Somethings I  had not  considered. The undeerlying  intention as to  dissuade 100 edit noobs from  running by  makiing  everything  sound so  complicated, while at  the same time, offering.  some encouragement  for those who  have some clue but  are afraid to  come forward. But  you're probably  right  about  the nom  statement. -  I'll  have another look  at  it. A recent RfA tanked suddenly  following  a revelation  by ireonholds - if candidates have skellies in  their closet, the  should do  something  about  before they  run. I  had some in  mine, but  they  were all  over a year  old. Didn't  stop  them from trying  though. Lot of silly  nonsense this morning (my  time) about getting  you  indef'd instead of KC. Ironic really, seeing  as you  have defended his strange behaviour several  times in  the past. Oh well -  time to  bang  my  head at  the wall  again.

I'm  really  here to  let  you  know that  Special:New pages has finally  reached the 30 day  mark today. be interesting  to  know how many  pages are in  that  backlog - I don't  know how to  list  them all.",0
"""
I take it you did read this. Great block, Ryan. andemu """,0
I admit what I did was improper. and it wont happen again.,0
"Tag for possible deletion on Derry City-related photos
I notice you have placed a tag for possible deletion on numerous photographs of players at the club. These are personal photos. Some, I have cropped. Maybe I tagged them incorrectly? Could you guide me as to how to tag them or ensure that they stay on the site? Thanks.",0
"Killer whale attacks on humans 

Re this revert, see here.   (talk) (earlier Boracay Bill)",0
"""
Nico contains a lot of """"in-universe"""" writing, or writing that revolves around the fictitious world of the character. See the link in the tag on the page for more details. Also, if you can find any reliable references on Google, feel free to add them. These two are the least fun things to do, and I'll help.  talk """,0
It's still big C. Can you change it with your admin power? I don't think mere Wpedians can do this kind of thing. If I do cut and paste Mak gets upset. Thanks.,0
"""

I thought it was self explanatory, I guess not. It is not a spoof, it is a freelance article filler for the issue but not taken seriously and the list was not created by a noted music critic or someone of note in the music industry (in Japan this would be someone like Masanori Ito. and the magazine even makes sure to mention it is biased and arbitrary (they even made note of that on the cover) and again my point is, how is this acceptable for the wikipedia? I can't even believe I need to ask that, should VH1 top 10 lists of the """"greatest rock songs of all time"""" etc be listed in the relevant wiki articles as an """"award"""" or """"achievement"""" as well? That is neither an award or achievement. Apart from that, it provides no information to the articles! It is fancruft nonsense. My question was, how is it acceptable for the wikipedia, and especially given the fact it is biased and randomly put together?27.33.143.93  """,0
"""

No. Album """"Roots"""" is mantly groove metal, but song """"Roots Bloody Roots"""" is death metal song. See google. Numbers do not lie.   """,0
"This article included a link to the center for Marcionite research website.  That website is part of GeoCities, and will go offline tomorrow, so I have made the link point to a mirror of the website instead 149.254.58.10",0
"and you are a motherfucking asshole,suck your dick,you dirty son of a whore",1
"Are you sure your Greek is not, lets say native?",0
"I have to say I disagree a little bit on the Colorado and Michigan State games. Appalachian State definitely deserves mentioning, but Colorado and Michigan State, while both having great and interesting finishes, are not important enough to be mentioned in the header, particularly when you combine it with the absence of the 1945 Army game, and the 1969 and 2006 Ohio State-Michigan games, the '69 game in particular because Woody admitted that was his best team and the Wolverines cost the Buckeyes what would have surely been a national title since the Buckeyes were locked out of the Rose Bowl. If Colorado and Michigan State are worth mentioning, then so is 2010 Illinois and 2011 Notre Dame. Interesting, great games, but probably not worthy of being put in the header. Speaking of which, those games should be incorporated into the history section. That may be done by the time you read this.",0
"18:16, 24 Mar 2004 (UTC)
This is the discussion page for an anonymous user who has not created an account yet or who does not use it. We therefore have to use the numerical IP address to identify him/her. Such an IP address can be shared by several users. If you are an anonymous user and feel that irrelevant comments have been directed at you, please create an account or log in to avoid future confusion with other anonymous users.",0
"""

 Speedy deletion of """"Frugooscape"""" 

A page you created, Frugooscape, has been tagged for deletion in accordance with our deletion policy. In particular, it meets one or more criteria for speedy deletion; the relevant criterion is:

Patent nonsense and gibberish, an unsalvageably incoherent page with no meaningful content.

You are welcome to contribute content which complies with our content policies and any applicable inclusion guidelines. However, please do not simply re-create the page with the same content. You may also wish to read our introduction to editing and guide to writing your first article.

If you have any questions, please contact an administrator for assistance. Thank you  talk """,0
"Why would a page on this website called Talk Rangers be the bearer of truth on the liquidation of the Club? Because the term 'Old Firm' was never official who has the final say on it's existence because if it's unofficial then surely anyone who uses it is doing so in an opinionated expression. In all honesty you couldn't produce anything that declares the term 'Old Firm' as an official description much the same way as what the 'New Firm' is for Dundee Utd and Aberdeen. Similarly what Nimmo Smith delacred the Rangers FC 'In Common Speech' can be deemed a continuing entity. He had to use that 'In Common Speech' term because Lord Nimmo Smith knows that in Law, Rangers FC formed in 1872 are officially liquidated. There's your difference. That's what the 'Old Firm' term is: In common speech but not strictly official.",0
Don't talk to me troll.,1
"""
My above heartfelt apology extends to you here, Rich Farmbrough. imacowboy """,0
"""==Commodore Ballroom==
The sentence lists Grammy and Juno award winning bands. While many of those bands have in fact played at the venue they are not in that category. talk """,0
"Apples and oranges.  Jonathan Raban is not a rabid extremist. He does not make his living by iconoclasm, provocation and controversialism. He's just a serious English author who lives part-time in America, and whose views are taken seriously across all political spectra.  (Except yours and KillerChihuahua's, apparently.) —",0
"Criticism 

I think a 'Criticism' section should be added. Many important thinkers have stated the negative effects broadcasting of sports causes to modern societies.",0
"""

 Should we even mention this? 

""""However, blocked videos can still be viewed by changing the URL""""

If YouTube has a legal basis for blocking videos by country, it seems like we shouldn't mention how to bypass it. No matter how totally obvious it is. talk """,0
intelligent and honest reader,0
"If you really want to shorten thus section, probably the first step would be to copy it all to the sub-article so that none of the material is lost.",0
"""""""Please do not add defamatory content to Wikipedia, as you did to List of WWE Intercontinental Champions.""""

What a fucking hypocrite. The fact that you left me a message telling me what a fucking douchebag I am just goes to show what a massive tool you are. Just for your information, that 100 day rule was something I started 2 years ago.

""",1
":Willie wang
A tag has been placed on Willie wang, requesting that it be speedily deleted from Wikipedia. This has been done because the article seems to be about a person, group of people, band, club, company, or web content, but it does not indicate how or why the subject is notable, that is, why an article about that subject should be included in Wikipedia. Under the criteria for speedy deletion, articles that do not assert notability may be deleted at any time. Please see the guidelines for what is generally accepted as notable, and if you can indicate why the subject of this article is notable, you may contest the tagging. To do this, please add  on the top of the page and leave a note on the article's talk page explaining your position.   Please do not remove the speedy deletion tag yourself, but don't hesitate to add information to the article that would confirm its subject's notability under the guidelines.

For guidelines on specific types of articles, you may want to check out out our criteria for biographies, for web sites, for bands, or for companies. Feel free to leave a note on my talk page if you have any questions about this. 

:Paul zheng
A tag has been placed on Paul zheng, requesting that it be speedily deleted from Wikipedia. This has been done because the article seems to be about a person, group of people, band, club, company, or web content, but it does not indicate how or why the subject is notable, that is, why an article about that subject should be included in Wikipedia. Under the criteria for speedy deletion, articles that do not assert notability may be deleted at any time. Please see the guidelines for what is generally accepted as notable, and if you can indicate why the subject of this article is notable, you may contest the tagging. To do this, please add  on the top of the page and leave a note on the article's talk page explaining your position.   Please do not remove the speedy deletion tag yourself, but don't hesitate to add information to the article that would confirm its subject's notability under the guidelines.

For guidelines on specific types of articles, you may want to check out out our criteria for biographies, for web sites, for bands, or for companies. Feel free to leave a note on my talk page if you have any questions about this. 

:Michael cho
A tag has been placed on Michael cho, requesting that it be speedily deleted from Wikipedia. This has been done because the article seems to be about a person, group of people, band, club, company, or web content, but it does not indicate how or why the subject is notable, that is, why an article about that subject should be included in Wikipedia. Under the criteria for speedy deletion, articles that do not assert notability may be deleted at any time. Please see the guidelines for what is generally accepted as notable, and if you can indicate why the subject of this article is notable, you may contest the tagging. To do this, please add  on the top of the page and leave a note on the article's talk page explaining your position.   Please do not remove the speedy deletion tag yourself, but don't hesitate to add information to the article that would confirm its subject's notability under the guidelines.

For guidelines on specific types of articles, you may want to check out out our criteria for biographies, for web sites, for bands, or for companies. Feel free to leave a note on my talk page if you have any questions about this. 

This is a serious encyclopedia. It is not myspace. Please do not create articles on yourself or your firends.",0
"""

 A kitten for you! 

lolz

  
""",0
"Copyright problem removed 

This article was based on Powell A. W. B., New Zealand Mollusca, William Collins Publishers Ltd, Auckland, New Zealand 1979 ISBN 0-00-216906-1. It has been revised on this date to eliminate a probable copyright violation of that book. Earlier text must not be restored, unless it can be verified to be free of infringement. For legal reasons, we cannot accept copyrighted text or images borrowed from other web sites or printed material; such additions will be deleted. Contributors may use external websites as a source of information, but not as a source of sentences or phrases. Accordingly, the material may be rewritten, but only if it does not infringe on the copyright of the original or plagiarize from that source. Please see our guideline on non-free text for how to properly implement limited quotations of copyrighted text. Wikipedia takes copyright violations very seriously, and persistent violators will be blocked from editing. While we appreciate contributions, we must require all contributors to understand and comply with these policies. (For background on this situation, please see the related administrator's noticeboard discussion.) Thank you.   (talk)",0
"""
Well I learnt the hard way with a three month topic ban on Ayn Rand articles dealing with the american equivalents of Irvine22 (and by whose standards Irvine22 is mild).  The """"call a spade a spade"""" issue was unfortunate.  Either way his/her latest escapades earned a weeks block, the next will be longer.  However I see that Rockpocket is setting him/her up with new targets   TALK  """,0
"""
Wikipedia is not an indiscriminate collection of information. Unless and until you can show, with reliable sources, that this information is notableas in widely covered in mainstream sourcesit simply does not belong. →  ₪ """,0
then how am i supposed to communicate...,0
"Looked through this article. Why do you think that RD entry is made (or meant) to irritate other users? (That wasn't the intention, however.)",0
"""
 No, I'm not ranting. And you're tautology about """"if they're editing against the sanction they will be sanctioned"""" is both laughable and irrelevant. I'm interested in editorial behavior and effect. And the odds are vanishingly slim you are even as remotely qualified as I am to have an opinion in these kinds of matters. Keep mashing buttons and your eye off the big picture.  """,0
"""
 – er, no, but I can't really be bothered to argue about it any more. ╟─Tag►Counsellor of State─╢ """,0
"Oaks and Homophobia
I provided a full citation that proves Oaks' homophobia. How the fuck is that vandalism?",1
"""

  is a scientifically proven epitome of an Arsehole (stretched and itching...) THAT's WHY he whines and bitches so pathetically on Wikipaedia 

Female masturbation techniques are quite numerous and perhaps more varied than those of males. They are influenced by a number of factors and personal preferences. Techniques include stroking or rubbing of the vulva, especially the clitoris, with the middle, index and/or second fingers. Sometimes one or more fingers may be inserted into the vagina to repeatedly stroke the frontal wall of the vagina where the g-spot is located. (Studies done by Masters & Johnson, however, have shown that only about 10% of women actually have orgasms through vaginal stimulation alone.) [citation needed] Masturbation aids such as a vibrator, dildo or Ben Wa balls can also be used to stimulate the vagina and clitoris. Many women will caress the breasts or stimulate a nipple with the free hand. Anal stimulation is also enjoyed by some because of the thousands of sensitive nerve endings located there.
Lubrication is sometimes used during masturbation, especially when penetration is involved, but this is by no means universal and many women find their natural lubrication sufficient—some even produce more lubricant alone than with a partner, though the reasons for this seem to be primarily psychological.
Women may masturbate in the bathtub, shower and hot tub, sometimes including the use of warm running water to stimulate the clitoris. Common positions include lying on back or face down, sitting, squatting, or even standing. Lying face down, one may straddle a pillow, the corner or edge of the bed, a partner's leg or some scrunched-up clothing and """"hump"""" the vulva and clitoris against it. Standing up, the corner of an item of furniture, or even a washing machine, can be used to stimulate the clitoris through the labia and clothing.

A vibrating duck. By de-dramatising the nature of a vibrator, this kind of toy has gained wider acceptance.
Some reach orgasm merely by crossing their legs tightly and clenching the muscles in their legs, which creates pressure on the genitals. This can potentially be done in public without observers noticing. Some prefer to use only pressure, applied to the clitoris without direct contact, for example by pressing the palm or ball of the hand against underwear or other clothing.
A few women can orgasm spontaneously, after experiencing prior sexual arousal, due to intellectual stimulation alone, for instance listening to certain pieces of music. Often, these mental triggers have associations with previous instances of arousal and orgasm. Some women claim to be able to orgasm spontaneously by force of will alone, but that ability, if it exists at all, may not strictly qualify as masturbation as no physical stimulus is involved.
Those who have difficulty reaching orgasm through sexual intercourse may find it easier to achieve an orgasm through masturbation. Sometimes sex therapists will recommend that female patients take time to masturbate to orgasm, especially if they have not masturbated before """,0
"User: Adam JWC 

Hi Sardaka,

The above user has been using sockpuppet accounts and is still allowed to have his account? Can you pls show me how to report him as he is still abusing this website.

Thanks!

~~114.77.216.28",0
"To Zora,,

i have gotten all the pictures from one webpage and i dod not see any copyright rules,, but just to be safe,, i will take them down ,, and later i will find ones with copyrights ( ) )

thanks",0
"Pax, stop using pro-Serb sources so much. It makes you look like a Serb nationalist, and I know that you aren't and that you try to act neutral. Find other sources besides Serb sources as Serbs tend to propogand with their writing, especially in history. Just remember that.",0
"""
My pleasue. You deserve it and thank you for considering the review. It means a lot to me. Cheers!  Talk! .oOo. """,0
You've got another thing coming. Picker78 always wins.  Picker78,0
"""

All this has been cited. Making your """"complaints"""" feeble and unjustified. For someone who claims to be a Luftwaffe unthusiast, for you to calim Caldwell dubious as a source is the best one I have heard from you. 
Caldwell makes a point of reporting losses by the side that suffers them. He always mentions overclaiming.
2. Specfific dates are given, as you well know. (Either that or you don't read properly)
3. No it doesn't. It syas RAF Mustangs were included as well.
4. The context is you have been placing information into the D-Day to VE section which says the bulk of the LW was operating there. Caldwell and Muller say this is a non no. They are more reliable than Shores, who focsus more on Allied Air Forces. Do an online search on Caldwell.   """,0
"""
Parkwells, yes, I went to the source you referred/linked to regarding other visitors to Monticello and they had this to say: These family members are not mentioned in Thomas Jefferson’s Farm Book(7) as being visitors to Monticello (The Farm Book does not appear to be a log of visitors, but lists an accounting of his plantations, e.g. livestock, land, crops, costs, and slaves.) 'Not a logbook of visitors.' Hardly compelling.Schulz, your notion that Hyland's book has 'been ignored by scholars' simply because it is not mentioned at the cite you linked to is ridiculous, esp since it has indeed been endorsed by many scholars, including former members of the TJF. Hyland is Adjunct Professor at Stetson University, College of Law, at Tampa Bay, Florida. If you think that Hyland is dead, why don't you send him an email / WHYLAND@travelers.com and see how he feels about that. You have the wrong Hyland. Hyland's book came out in 2009, the Hyland you're referring to died in 2008. Please do you homework. And if you are ready to dismiss a source because of two spelling errors it is clear that your mind is quite closed and simply can't come to terms with the idea that there are a whole body of historians, professors, who exist outside of the box you seem to have enclosed yourself in. Even Albert Einstein was a poor speller. Btw, in the same paragraph you make issue with spelling errors you make a grammatical error, leaving a word out of your sentence: """"That said, Hyland's book is not (a) particularly good book"""". Is this your way of saying you're not reliable?  Unbelievable. Both of you are clutching at straws and are not being fair to other points of view.    

""",0
"No idea what you are on about=
Luhanskteplovoz - you reverted my edits to my previous edits  when I was signed in (I am also User:shortfatlad) - I was adding the correct russian (ukrainian) language abbreviations, as found in the rest of the article. It is not vandalism. Please be more careful before you ascribe the label of vandalism to an act. Thank you.83.100.251.196",0
"You left me a note a couple days ago about whether I thought Abp. Burk would be named a Cardinal. . .I don't really know, but I doubt it.  St. Louis is one of those diocese (Baltimore is the other that comes to mind) that sometimes has a Cardinal, but not always.  We have not had one as Abp. since Cardinal Carberry retired in the early 1980's (he died in about 1998).  I think as the church becomes less a European and North American church we will see fewer cardinals from small and mid-sized diocese like STL and more from Africa, Asia, and South America.  I also think the controversies over things like St. Stans make it less likely thatBurke would get picked for a red hat.",0
"""

You're right that speed cameras and lowered speed limits are an excellent way of taking the glamour out of motoring, and I fully support them for that reason despite the temporary rise in accidents that they cause.  In the long run, as people are made to use sustainable, safer transport, this policy will save far more lives than it costs, and so I can't see how anyone but the most militant, reckless petrolhead would oppose it.

I'm too busy to pool resources for the moment, but I will be adding some pages to my site in the near future about this important topic, and I will announce here when I have done so.  I am also thinking about setting up a separate campaign site to make people aware of this often-overlooked benefit of cameras and other anti-car measures.  But we need to be careful because as you say, it's necessary to operate in """"stealth mode"""" for the moment and pretend that the cameras/limits/etc are for short-term safety in order to stop Daily Wail readers and selfish cagers from moaning about being endangered by them (their deaths would arguably be beneficial to humanity, but that's another discussion).

I would also encourage you to subscribe to uk.rec.cycling.moderated, which has been set up in part to stop cagers from pointing out the dangers presented by cameras (although technically correct, such arguments are disallowed on URCM in the interest of long-term road safety, which is clearly a good thing; it was difficult to oppose those arguments on uk.rec.cycling, which frustrated some of us, hence the need for uk.rec.cycling.moderated in order to suppress them). Guy () """,0
"""::To:User:Martin Hogbin: Look. I would do it if it were true to my knowledge and/or there existed some reliable sources to confirm that. The saveur.com article, the only source against my claim that I consider at least semi-reliable, says """"It can also be eaten before it is allowed to ferment"""". Do you think this confirms the existence of unfermented kimchi against all sources I gathered? Someone might like to have a bite of Sauerkraut before it is fermented. 
I don't want to argue with you or something, but I have heard that beer is made from only malt, hops, and water in Germany (as it should be). Unfortunately, at least in Korea, Japan, and the U.S., most beer includes rice, potato, corn starch, and many other ingredients I think unnecessary. At least they have ingredient lists on the bottles, and there are a lot of official documents on those additional ingredients.
But kimchi is a different story. Like I said, I have never seen any packaged/jarred kimchi labeled """"unfermented"""", maybe except for Japanses """"kimuchi"""" which is more like pickled vegetables. And both traditional and contemporary kimchi is fermented. (they are not much different anyway.) Nevertheless, I am willing to temper my claim if editors can find even a couple of reliable sources that say some kimchi is unfermented.    
   
""",0
"it doesnt offend me about painful death or the war no, its unfortunately the way our world is today. Also",0
"Another option would be to do a minimal cleanup of Rattlesnake and create a separate page for Crotalus. Actually, I think that's probably the best thing to do in this case. Although not always the most desireable solution, we could do the same thing in some other situations just to avoid attracting too much attention from the village elders. -)",0
"Heloo
Hey, im new here...i would like to make new friends....can we chat on msn?.....what's your e-mail?",0
"like this, hoe? 101.190.151.84",0
"I just wanted to ask, why doesn't this say anything about the arrest or abuse that took place at WMA?  Several arrest were made amongst those in the adminstration of this school.  People ended up in the witness protection program as a result of some of the crimes that took place at this school.  How is there nothing mentioning the drug trafficing, solicitation of prostitution, and physical abuse and neglect that took place at this school?  I wish scars were a resource because I still have those left over from Wentworth even though it is seven years later.",0
"""

Vandalism by User:Wiggy!
 deletes OFFICIAL polish name 1. FC Katowice from 1920s, 1930s and today.
 manipulation with name club in today, club was reactivated in 2007, with named! arms! formed date 1905! and other. This is not only the same name. Even, if it is the conflict, need to leave neutral intro.
 cheating with a """"German club"""", from 1922 do 1939 this is polish club!
I know, you interested in the old German clubs but this club is different. Please, make your """"German"""" cleanup in example Diana Kattowitz or Germania Kattowitz - they were the only German and were not reactivated.   """,0
REDIRECT Talk:Conspiracy Theory with Jesse Ventura,0
""" July 2006 (UTC)

Stop trying to twist everything I say into a personal attack - it's uncivil, just like your usage of profanity.  Nobody is attacking you.  You don't need to put on a """"show"""" and pretend like you've been severely injured.  This isn't a soccer match.  Thanks.  04:51, 26""",0
"""

 Are you forgetting, Risker, that it was I that embraced Giano's plan to get Vk unblocked and presented it to the community? It was he and I that did most of the work drafting the conditions. It was my continuing interest that helped get him back to a position where he can edit. Vk (and Giano) were more than happy to have my input when he thought it would get him unblocked, but now the conditions are not to Vk's liking - despite what he agreed at the time - suddenly the accusations against me start again. What is really sad is that you seem to buy into it. 
I strongly resent your implication that I want him banned. I supported a ban in the past, true, along with many other editors. But the accusation makes absolutely no sense, considering how was already banned (twice) and both times I worked to get it lifted, this despite some atrocious personal abuse from Vk in the past.  So I'll tell you what, I may not forget how editors responded to me, but I don't hold it against them to the detriment of the project. et """,0
"Placings
Do we know the rank of the other 9 acts who didn't win? In particular, I wanted to know who came 2nd.",0
"Innocent or not? 

VOTE HERE!

I say, probably guilty... but I don't see the evidence that it's beyond reasonable doubt.   

(Note: The point of this poll is not to set Wikipedia up as a court... the idea is to vote based on what you read in the article, so we can all check if POV is, er, NPOV)",0
"One Question

What was Mr. Anderson's wife's name?",0
"hi sir
thanks for your interest in my page about Spree software.
i was interested to learn about Spree because it is written in Ruby.
I found the dead-link in Wikipedia and that is why i wrote the new wiki page to help out.
I wrote a one-liner pasted from the Spree website.
But if it is your opinion that it is an ad for them then would you prefer i delete it all or just change it?
Welcome to edit it or delete it but Spree happens to exist.
I am not a Spree user i just like the Ruby programming and Spree seems a change from most shop-software that is usually written in PHP-MySQL.",0
http://my.safaribooksonline.com/book/electrical-engineering/9788131760901/1-transformers/navpoint-62 says 'Let the turns ratio be ‘a’.' No evidence of original research on my part here.,0
"""

 Singer List? 

Hi. I have an idea that would allow people to view various prospects for Scott Weilands replacement in an easier way rather than just posting sentences in the """"Split from Weiland"""" section... How about someone ends the """"Split..."""" section with a closing paragraph about Scott leaving and then they form a new section titled something like: """"Rumored replacement singers"""" or something like that. And that section can have an opening statement saying """"Numerous individuals have been considered for scott weilands replacement; they include:"""" and then below, write a list of every person who has been rumored.
It is easier to find names rather than searching through a section of the article that doesnt even have a title relevant to the fact that VR is looking for a new singer...
Anyways, please let me know what you think on this idea... I am open to criticism and it doesnt bother me if you disagree with this idea, just let me know, thanks.
Zach""",0
"L.A. Noire (2011 video game) 

Hi Diego Moya. I noticed you created the  page with nothing but a link to L.A. Noire. I turned the page into a redirect into that page, and looking at the target article, I think that's what you probably meant to do, but I wanted to make sure. Thanks,",0
"""

I've added the """""""" template to the article Daniel Love, suggesting that it be deleted according to the proposed deletion process. All contributions are appreciated, but I don't believe it satisfies Wikipedia's criteria for inclusion, and I've explained why in the deletion notice (see also Wikipedia:What Wikipedia is not and Wikipedia:Notability). Please either work to improve the article if the topic is worthy of inclusion in Wikipedia, or, if you disagree, discuss the issues raised at Talk:Daniel Love. If you remove the  template, the article will not be deleted, but note that it may still be sent to Wikipedia:Articles for deletion, where it may be deleted if consensus to delete is reached.   | Talk """,0
"""
I nearly get blocked? Lol. I didn't broke any rule, I even was reported for breaking the WP:3RR and I didn't get blocked because I didn't broke it. Check the log.
You even asked Spellcast to block me because you're not thinking clearly. How is he going to block when I haven't done anything wrong? You mad?  It's a zero! """,1
"""
All of a sudden everyone is an expert on WP. 
In Gaza, even the Red Cross accepts that the intention is probably to use WP to create smoke rather than to deliberately injure; the Associated Press quotes the ICRC's Peter Herby as saying: """"It's not very unusual to use phosphorus to create smoke or illuminate a target. We have no evidence to suggest it's being used in any other way.""""
WP smoke rounds are not classed as an incendiary weapon either. This is because the 1980 Geneva Protocol on Incendiary Weapons specifically does not cover """"Munitions which may have incidental incendiary effects, such as illuminants, tracers, smoke or signaling systems.""""
… the case put forward by Human Rights Watch and others is not that WP is an incendiary, but that its use """"violates the requirement under international humanitarian law to take all feasible precautions to avoid civilian injury and loss of life."""" This looks like a reference to a different treaty, the 1949 Geneva Protocol, which has a section on """"General protection against effects of hostilities"""".
http://blog.wired.com/defense/2009/01/white-phosphoru.html
  """,0
"regarding KOI-172.02 

hi Marnette, the source is http://en.wikipedia.org/wiki/KOI-172.02 . isnt that obvious enough?",0
"Oh, and another thing, this book discredits/updates a lot of information that is presented in this article. I would suggest that this article be demoted from being a FEATURED ARTICLE until such time that this article can be sufficiently updated with the most recent scientific findings. Thank you. 140.247.141.165",0
"Ta. Well I still think there might be some against this, I don't know if it offsets any numbering of the films, so I was hesitant to change it straight away. I don't blame anyone for questioning this, because this is the first thing I looked at when I saw the list on their website...",0
"""

Well actually no, I was thinking of a button that should be on the toolbar when you are in """"edit"""" mode. At the far left is an """"add citation"""" button. Click on that and it should give you a drop down menu for web, news, etc., and click on that and you should get a form to fill out. Why not try it and see if it works.   """,0
All I have to say is that Cleary is an ...,0
"(with inaccuracy because the Earth is not exactly spherical, and also because modern kilometers are defined another way - see kilometer)",0
"""== Perceptions of cuteness ==

I am ambivalent about the old meme reference in this section that the below poster complains about.  However, I do have a real criticism:

The line """"here are good evolutionary reasons to expect humans to find juvenile humans, and perhaps juvenile animals in general, cute."""" should definitly either expound on the alluded-to """"good reasons"""", or at the least link to somewhere in wikipedia where these reasons are enumerated and explained.

-B. McGrauw (not logged in)

I think the whole perceptions of cuteness section should be removed to improve the focus of the article. What things people find cute and possible reasons for that is an interesting question, but it is an anthropological question and serves only to muddle this article.

In any case, the """"Every time you masturbate..."""" joke should be removed. It was popular among internet humorists for a while, but not really worthy of note outside of its own article; also, it is an off color joke and goes completely against the tone of the rest of the article.

Any thoughts?
 
Hey.. i was looking for imformation on how to take care of abandoned kittens and came acrossed the discussion board.. i cant believe like a page was devoted to whether or not an article should linked on the page.. who really cares... i hope yas rnt losing sleep over it...(n)... i dunt mean to sound like a biotch... but its boring to read about all the complaints... and the point of the board is to write about cats/kittens.. atleast thats what the impression i got .. could b wrong though (anon)

The reference to the """"Every time you masturbate..."""" joke should be removed. It does nothing to enhance the article. And every time some kid looks up kitten on wikipedia, a parent has to answer questions about masturbation. It's offensive, if nothing else.  

In response to the first anon, this page is actually for discussion on how the article can be improved. Some off-topic comments are usually tolerated but long discussion threads are generally seen as disruptive.
In response to Wabazana, Wikipedia is not censored for the protection of minors. However, I do agree that this particular reference is a bit of a systemic bias towards nerdy references. I've boldly changed it to refer to Hello Kitty (which was already in 'see also'), which I think we can agree is going to be more familiar to the average reader.  

Lovely though it is, is """"perceptions of cuteness"""" really encyclopaedic?   
Well, it's interesting. It's written in a neutral point of view. And as regards verifiability, if 'kittens are cute' isn't common knowledge, then I don't know what is. So yes, I for one think it's encyclopaedic.  ( T | C | A ) 

I read about the '""""perceptions of cuteness"""" discussion on the wiki kitten page in the Wall Street Journal, Wed. August 15th edition, and was thrilled. The cuteness of kittens/cats is one of my favorite subjects, to the annoyance of everyone who knows me. I do agree with another poster's comment that the pics of the kittens on this page aren't necessarily the best. Feel free to use this picture of my kitten PJ.  http://commons.wikimedia.org/wiki/Image:Pj_blinds.jpg
I believe when one sets his/her eyes on this image, there can be no question of the cuteness of kittens. Earnest t. bass is legendary and also a good example.  """,0
It is possible I did some mistake.,0
"Listen Up! 

Go Fuck Yourself, Asswipe!",1
".38 Calibre
Please read Wikipedia:Citing sources which reflects that citations are wanted at the Wiki.  This is a well researched article with appropriate citations, it is not a dump.",0
Thanks! It's good to be back. D  (聖やや),0
"""::::I maybe wrong but shouldn't they have created one group of women who didn't wear bras and a second group who did, and have breasts of all sizes? I mean, all this study seems to prove is that in women who don't wear bras and have small breasts have less cancer then women who do wear bras and have large breasts, it doesn't disprove that bras aren't a factor because it doesn't examine just the bras. I'm not saying we should give it a whole section, but it seems to me that, unless I'm misunderstanding the results you're citing, they haven't disproved anything.Heghlu meH QaQ jajvam 
""",0
"""

 Re: your message 

I'm really not sure how to do that... I'll have to experiment for a while first.  T """,0
"History of Washington, D.C 

Please restore my edits.  If you believe that there are too many links, feel free to remove those that you believe to be excessive or redundant.

Thanks.

Corker1:14-Aug-2008",0
"WP:ANI#Do_admins_deserve_harrassment.3F
This amused me. -",0
In what way wasn't it a success (I hate to ask)?,0
"That's just a web site with no academic authority.  Just because you are providing a link doesn't mean you can include any bullshit that you want in Wikipedia articles.  Here is a link to Iranica's index, witth multiple entries on both Afghanistand and Aryana.  Show me where it says Aryana or Ariana is or was in Afghanistan.  I think encyclopedia Iranica with hundreds of scholars working on it, each a world authority in his/her respective area of experties, is a little more authoritative than a web site of the embassy of Afghanistan.",0
"And your proposed classification for myeloproliferative diseases, which are neoplastic but neither tumors nor cancers is exactly what again?  I don't think that these words would exist in modern medicine if they weren't necessary on occasion.",0
"""
So cite it, as they are the actual direct primary source. The so-called """"independent sources"""" that have been cited in this article, like the SPLC, are neither """"reliable"""" nor """"realistic"""" 
and nor are they even """"accurate"""". """"Image"""" is subjective and POV, whereas, the actual facts 
are NPOV. Again, it is clear that you are not interested in factual accuracy in the article.
You can revert it and just make such Wikipedia articles not relevant nor accurate as usual 
as this is just becoming ever more common and well-known in the internet community, or just
as is the """"dinosaur"""" mass media. 
Do a little independent research yourself and you will see that everything I had changed 
IS FACTUAL, whereas the article you reverted back to is NOT FACTUAL.
That is fine with me, as this only reflects Wikipedia's difficulty with ever having or in getting the facts straight and correct verses being just SPLC false propaganda. So be it!
=============================================================================================""",0
"Books that mention Jack Sarfatti significantly include==
Not a complete list:
Cosmic Trigger by Robert Anton Wilson
The Star Gate Conspiracy by Pincknett & Prince
Time Warps by John Gribbon
Alien Intelligence by ...
Dancing Wu Li Masters by Gary Zukav
[Jack Sarfatti] 12:58  AM PCT October, 14, 2005

==",0
"""

 SPLC's views 

Why is it that a group, the Southern Poverty Law Center here, is the final arbiter of what is or is not a """"hate group""""?""",0
"Nice job 

So you just go around destroying other people's efforts of completing half-done wikipedia pages? Go away.",0
"""

 Whoops! 

Whoopsie!  I didn't mean to revert your edits to the article Cahnite.  I did it as I was looking through the edits that were added to the article that I wrote when I accidentally clicked the rollback button ).  Hope you can forgive me.  Cheers, flame """,0
"Sounds good, I'll take a look at it when I'm all done and dusted and see what I can do about the issues you've mentioned. It'll also allow me to get in there and dust out any cobwebs and give it a bit more of a me touch. Thanks very much for what you've done though and I'll get back to you soon.",0
openin' that can o' worms. See ya round,0
"Invitation: WikiProject Autism 

Greetings! As your username suggests that you may be on the autistic spectrum or have an interest in the subject, you are hereby invited to WikiProject Autism, a collaborative effort to improve the coverage of autism, Asperger syndrome, and autistic culture on Wikipedia.",0
"""

I think that might be a good idea.... I came to the talk page looking for the source of the 11/2009 Dispute Tag, and I'm STILL not entirely sure why the tag is up there.  It seems the discussion(s) stalled quite a long time ago.  White Whirlwind  咨  """,0
"Yes, because Raven-Symoné is a double-barrelled first name, just like Mary-Kate and Malcolm-Jamal.",0
Strongly Agree. The more reactions the better I say. This particular group is important because it's association with the UN.,0
"Hey! I just made a Wiki account! Yay! I am a Star Wars whiz, and if I make some edits to Star Wars pages, I'm not making lies up, I KNOW Star Wars.

  Koro",0
"whisperback 

The whisperback template works like '''this. Thanks for the notice. – talk",0
"""
Yeah that would make headlines! ) I did suspect that this was another sock since he knew too much to have a red talk page. I see the user has already been blocked. =Nichalp «Talk»= """,0
"Sorry 

As I tried to tell you on your other IP, you might want to poke around the WP:Community Portal. The material wasn't relevant to the article you posted it on.  talk",0
REDIRECT Talk:Wellington Point railway station,0
"i would LOVE to see more info on the orgin of hiv, maybe some possible theories of what happened in the beginning that always had interested me but there never seems to be much talk about that on sites**",0
"Important talk about the page. 

I just created the page.",0
"Hello Mr Smoky

Just thought I would say hello while you still have some lungs. LOL.",0
"I went ahead and added this material.   14:02, 14 Sep 2004 (UTC)",0
"""
Are you saying we should not know this """"unflattering article"""" was about a Jewish person? Is it the readers' fault that Green's biography is unflattering?  Why is it only Jewish people who are exempt from having their history linked to their ethnicity in Wikipedia?""",0
"I listed this because on the sourced web site it is given as an AP photo.  The licensing info on Wikipedia on the image page does not appear correct, and I doubt it can be claimed fair use. I'll leave it to the admins to decide whether or not it is.—",0
"May 2010 (UTC)

And so the default position is now just delete the images Blackash does not feel are needed in her article. Appalling.    18:29, 24",0
